,Hugo
0,AATK
1,ABCA1
2,ABL1
3,ABL2
4,ACTR2
5,ACVR1
6,ACVR1B
7,ACVR1C
8,ACVR2A
9,ACVR2B
10,ACVRL1
11,ADAM17
12,ADAM29
13,ADAMTS15
14,ADAMTS18
15,ADAMTSL3
16,ADCK1
17,ADCK2
18,ADCK4
19,ADCK5
20,ADORA1
21,ADRBK1
22,ADRBK2
23,AGK
24,AIFM1
25,AIFM2
26,AIM1
27,AIMP2
28,AIP
29,AKAP4
30,AKT1
31,AKT1S1
32,AKT2
33,AKT3
34,ALK
35,ALKBH1
36,ALKBH2
37,ALKBH3
38,ALMS1
39,ALPK1
40,ALPK2
41,ALPK3
42,AMH
43,AMHR2
44,ANAPC10
45,ANAPC11
46,ANAPC13
47,ANAPC2
48,ANAPC4
49,ANAPC5
50,ANAPC7
51,ANGPTL4
52,ANK1
53,ANK2
54,ANKK1
55,ANKRD29
56,APAF1
57,APC2
58,APH1A
59,APPL1
60,AR
61,ARAF
62,ARFRP1
63,ARID1A
64,ARIH2
65,ARL13B
66,ARL4C
67,ARL6
68,ARNT
69,ARNT2
70,ARPC5
71,ARRB1
72,ARRB2
73,ASAP1
74,ASCC1
75,ASH1L
76,ASH2L
77,ASPSCR1
78,ASXL1
79,ATF1
80,ATF2
81,ATF4
82,ATM
83,ATP8B1
84,ATR
85,ATRX
86,AURKA
87,AURKB
88,AURKC
89,AXIN1
90,AXIN2
91,AXL
92,B9D1
93,BACH1
94,BAD
95,BAG2
96,BAI1
97,BAI3
98,BAIAP2
99,BAP1
100,BARD1
101,BAX
102,BBC3
103,BBS2
104,BBS4
105,BBS7
106,BBS9
107,BCKDK
108,BCL2
109,BCL2L1
110,BCL2L11
111,BCL2L14
112,BCL6
113,BCL9
114,BCR
115,BDNF
116,BID
117,BIRC2
118,BIRC3
119,BIRC5
120,BLK
121,BLM
122,BMP1
123,BMP10
124,BMP15
125,BMP2
126,BMP2K
127,BMP4
128,BMP5
129,BMP6
130,BMP7
131,BMP8B
132,BMPR1A
133,BMPR1B
134,BMPR2
135,BMX
136,BOC
137,BRAF
138,BRCA1
139,BRD2
140,BRD3
141,BRD4
142,BRDT
143,BRIP1
144,BRSK1
145,BRSK2
146,BTC
147,BTK
148,BTRC
149,BUB1
150,BUB3
151,C10orf137
152,C9orf96
153,CAB39
154,CAB39L
155,CACYBP
156,CAD
157,CALM1
158,CALM2
159,CALM3
160,CALML3
161,CALML5
162,CALML6
163,CAMK1
164,CAMK1D
165,CAMK1G
166,CAMK2A
167,CAMK2B
168,CAMK2D
169,CAMK2G
170,CAMK4
171,CAMKK1
172,CAMKK2
173,CAMKV
174,CAMP
175,CAPG
176,CAPN1
177,CAPN2
178,CARD9
179,CARM1
180,CARS
181,CASK
182,CASP1
183,CASP10
184,CASP2
185,CASP3
186,CASP4
187,CASP5
188,CASP6
189,CASP7
190,CASP8
191,CASP9
192,CBL
193,CBLB
194,CBLC
195,CCBE1
196,CCDC6
197,CCNA1
198,CCNA2
199,CCNB1
200,CCNB3
201,CCND1
202,CCND2
203,CCND3
204,CCNE1
205,CCNE2
206,CCNG1
207,CCNG2
208,CCNH
209,CCR3
210,CCR7
211,CD109
212,CD14
213,CD248
214,CD40
215,CD47
216,CD82
217,CDC14A
218,CDC14B
219,CDC16
220,CDC20
221,CDC23
222,CDC25A
223,CDC25B
224,CDC25C
225,CDC27
226,CDC42
227,CDC42BPA
228,CDC42BPB
229,CDC42BPG
230,CDC6
231,CDC7
232,CDC73
233,CDCA8
234,CDH1
235,CDH20
236,CDH3
237,CDK1
238,CDK10
239,CDK11A
240,CDK17
241,CDK2
242,CDK4
243,CDK5
244,CDK6
245,CDK7
246,CDK8
247,CDK9
248,CDKL1
249,CDKL2
250,CDKL3
251,CDKL4
252,CDKL5
253,CDKN1B
254,CDKN2A
255,CDKN2B
256,CDKN2C
257,CDKN2D
258,CDON
259,CDT1
260,CENPA
261,CENPE
262,CEP290
263,CER1
264,CERK
265,CFL2
266,CFLAR
267,CHD3
268,CHD5
269,CHD8
270,CHEK1
271,CHEK2
272,CHIC2
273,CHL1
274,CHRM1
275,CHUK
276,CIB2
277,CIC
278,CIR1
279,CIT
280,CITED1
281,CLDN1
282,CLIP1
283,CLK1
284,CLK2
285,CLK3
286,CLK4
287,CLSPN
288,CLSTN1
289,CLTC
290,CLUAP1
291,CNKSR1
292,CNKSR2
293,CNTN4
294,CNTN6
295,COL14A1
296,COL1A1
297,COL4A1
298,COL4A2
299,COL4A4
300,COL4A6
301,COMP
302,COX7A2L
303,CREB1
304,CREB3L2
305,CREBBP
306,CRK
307,CRKL
308,CSF1
309,CSF1R
310,CSF2RB
311,CSF3R
312,CSK
313,CSMD1
314,CSMD3
315,CSNK1A1
316,CSNK1A1L
317,CSNK1D
318,CSNK1E
319,CSNK1G1
320,CSNK1G2
321,CSNK1G3
322,CSNK2A1
323,CSNK2A2
324,CTBP1
325,CTBP2
326,CTNNA1
327,CTNNA2
328,CTNNA3
329,CTNNB1
330,CTNNBIP1
331,CUBN
332,CUL1
333,CUL2
334,CXCL12
335,CXCR4
336,CXXC4
337,CYLD
338,CYS1
339,DAAM1
340,DAAM2
341,DAPK1
342,DAPK2
343,DAPK3
344,DARC
345,DAXX
346,DBF4
347,DCC
348,DCLK1
349,DCLK2
350,DCLK3
351,DCN
352,DDB2
353,DDIT3
354,DDIT4
355,DDR1
356,DDR2
357,DDX23
358,DFFA
359,DFFB
360,DGKA
361,DGKB
362,DGKD
363,DGKE
364,DGKG
365,DGKH
366,DGKI
367,DGKQ
368,DGKZ
369,DHH
370,DIP2C
371,DKK1
372,DKK2
373,DKK3
374,DKK4
375,DLK1
376,DLL1
377,DLL3
378,DLL4
379,DMAP1
380,DMPK
381,DNAH11
382,DNAH5
383,DNAH9
384,DNAI1
385,DOT1L
386,DPP3
387,DPP4
388,DSCAML1
389,DSTYK
390,DTX1
391,DTX2
392,DTX3
393,DTX3L
394,DTX4
395,DUSP1
396,DUSP10
397,DUSP14
398,DUSP16
399,DUSP2
400,DUSP3
401,DUSP4
402,DUSP5
403,DUSP6
404,DUSP7
405,DUSP8
406,DUSP9
407,DVL1
408,DVL2
409,DYRK1A
410,DYRK1B
411,DYRK2
412,DYRK3
413,E2F1
414,E2F2
415,E2F3
416,E2F4
417,E2F5
418,E2F6
419,E2F7
420,E2F8
421,E4F1
422,ECSIT
423,EDA
424,EEF2K
425,EFNB1
426,EFNB2
427,EGF
428,EGFL6
429,EGFR
430,EGLN1
431,EGLN3
432,EGR1
433,EHMT1
434,EHMT2
435,EI24
436,EIF2AK1
437,EIF2AK2
438,EIF2AK3
439,EIF2AK4
440,EIF2B5
441,EIF3J
442,EIF4A2
443,EIF4B
444,EIF4E
445,EIF4E1B
446,EIF4E2
447,EIF4EBP1
448,ELF3
449,ELF4
450,ELK1
451,ELK3
452,ELK4
453,EML4
454,ENDOD1
455,ENDOG
456,EP300
457,EPAS1
458,EPCAM
459,EPHA1
460,EPHA10
461,EPHA2
462,EPHA3
463,EPHA4
464,EPHA5
465,EPHA6
466,EPHA7
467,EPHA8
468,EPHB1
469,EPHB2
470,EPHB4
471,EPHB6
472,EPS8
473,ERBB2
474,ERBB3
475,ERBB4
476,ERC2
477,ERCC1
478,ERCC2
479,ERCC3
480,ERCC4
481,ERCC5
482,ERCC6
483,ERCC6L
484,EREG
485,ERGIC3
486,ERN1
487,ERN2
488,ERO1L
489,ESCO2
490,ESPL1
491,ESR1
492,ETFA
493,ETS1
494,EVL
495,EWSR1
496,EXO1
497,EXOC4
498,EXOC7
499,EXOG
500,EXT1
501,EXT2
502,EYA4
503,EZH1
504,EZH2
505,FADD
506,FAM20C
507,FANCA
508,FANCC
509,FANCD2
510,FANCE
511,FANCF
512,FANCG
513,FARP1
514,FARP2
515,FAS
516,FASLG
517,FASN
518,FASTK
519,FAT3
520,FBXL14
521,FBXW11
522,FBXW7
523,FER
524,FES
525,FGF1
526,FGF10
527,FGF11
528,FGF12
529,FGF13
530,FGF14
531,FGF16
532,FGF17
533,FGF18
534,FGF19
535,FGF2
536,FGF20
537,FGF21
538,FGF22
539,FGF23
540,FGF3
541,FGF4
542,FGF5
543,FGF6
544,FGF7
545,FGF8
546,FGF9
547,FGFR1
548,FGFR2
549,FGFR3
550,FGFR4
551,FGR
552,FH
553,FIGF
554,FKBP1A
555,FLNA
556,FLNB
557,FLNC
558,FLOT1
559,FLOT2
560,FLT1
561,FLT3
562,FLT3LG
563,FLT4
564,FN1
565,FOS
566,FOSL1
567,FOXC1
568,FOXC2
569,FOXL2
570,FOXM1
571,FOXO1
572,FOXO3
573,FOXO4
574,FRAT2
575,FRK
576,FRZB
577,FST
578,FTO
579,FYB
580,FYN
581,FZD1
582,FZD10
583,FZD2
584,FZD3
585,FZD4
586,FZD5
587,FZD6
588,FZD7
589,FZD8
590,FZD9
591,FZR1
592,GAB1
593,GABRA6
594,GADD45A
595,GADD45B
596,GADD45G
597,GAK
598,GALNS
599,GAS1
600,GATA1
601,GATA2
602,GATA3
603,GCK
604,GDF5
605,GDF6
606,GDF7
607,GDNF
608,GLI1
609,GLI2
610,GLI3
611,GMNN
612,GNA12
613,GNAQ
614,GNAS
615,GNG12
616,GRAP2
617,GRB10
618,GRB2
619,GRK1
620,GRK4
621,GRK5
622,GRK6
623,GRK7
624,GSG2
625,GSK3A
626,GSK3B
627,GSTP1
628,GTSE1
629,GUCY1A2
630,GUCY2C
631,GUCY2D
632,GUCY2F
633,GYS1
634,GYS2
635,H2AFX
636,H2AFY2
637,HABP4
638,HAPLN1
639,HAT1
640,HBEGF
641,HCK
642,HDAC1
643,HDAC11
644,HDAC2
645,HDAC3
646,HDAC4
647,HDAC5
648,HDAC6
649,HDAC7
650,HDAC8
651,HDAC9
652,HES1
653,HES5
654,HGF
655,HHIP
656,HIF1AN
657,HIF3A
658,HIPK1
659,HIPK2
660,HIPK3
661,HIPK4
662,HIST1H1B
663,HK1
664,HK2
665,HK3
666,HNF1A
667,HNF1B
668,HNRNPH2
669,HRAS
670,HSF4
671,HSP90AA1
672,HSP90AB1
673,HSP90B1
674,HSPA1A
675,HSPA1B
676,HSPA1L
677,HSPA2
678,HSPA6
679,HSPA8
680,HSPB8
681,HUNK
682,ICAM1
683,ICAM2
684,ICAM3
685,ICAM4
686,ICK
687,ID1
688,ID2
689,ID3
690,ID4
691,IDH1
692,IDH2
693,IDUA
694,IFNG
695,IFT172
696,IFT57
697,IFT81
698,IFT88
699,IGF1
700,IGF1R
701,IGF2
702,IGF2R
703,IGFBP1
704,IGFBP2
705,IGFBP3
706,IGFBP4
707,IGFBP5
708,IHH
709,IKBKAP
710,IKBKB
711,IKBKE
712,IKBKG
713,IL12RB1
714,IL18BP
715,IL1R1
716,IL1R2
717,IL1RAP
718,IL6
719,IL6ST
720,IL8
721,ILK
722,INCENP
723,INHBB
724,INHBC
725,INHBE
726,INPP4A
727,INPP5D
728,INPP5K
729,INPPL1
730,INSR
731,INSRR
732,INVS
733,IP6K1
734,IP6K2
735,IP6K3
736,IPMK
737,IPPK
738,IQCB1
739,IQGAP2
740,IRAK1
741,IRAK2
742,IRAK3
743,IRAK4
744,IRF3
745,IRS1
746,IRS2
747,IRS4
748,ITCH
749,ITGA2
750,ITGA2B
751,ITGA3
752,ITGA6
753,ITGAE
754,ITGAV
755,ITGB1
756,ITK
757,ITPK1
758,ITPKA
759,ITPKB
760,ITPKC
761,ITPR2
762,JAG1
763,JAG2
764,JAK1
765,JAK2
766,JAK3
767,JARID2
768,JHDM1D
769,JMJD1C
770,JMJD4
771,JMJD6
772,JMJD8
773,JUN
774,JUNB
775,JUND
776,JUP
777,KALRN
778,KAT2A
779,KAT2B
780,KAT5
781,KCNE1
782,KDM1A
783,KDM1B
784,KDM2A
785,KDM2B
786,KDM3A
787,KDM3B
788,KDM4A
789,KDM4B
790,KDM4C
791,KDM4D
792,KDM5A
793,KDM5B
794,KDM5C
795,KDM5D
796,KDM6A
797,KDM6B
798,KDR
799,KIAA1468
800,KIF11
801,KIF15
802,KIF1B
803,KIF2C
804,KIF3A
805,KIF3B
806,KIFAP3
807,KISS1
808,KIT
809,KITLG
810,KLC3
811,KLHL4
812,KLK3
813,KNTC1
814,KRAS
815,KREMEN1
816,KREMEN2
817,KRT20
818,KRT71
819,KRT73
820,KRTCAP2
821,KRTCAP3
822,KSR2
823,LAMA1
824,LAMA3
825,LAMA4
826,LAMA5
827,LAMB1
828,LAMB2
829,LAMB3
830,LAMB4
831,LAMC1
832,LAMC2
833,LAMC3
834,LATS1
835,LATS2
836,LCK
837,LEF1
838,LEFTY1
839,LEFTY2
840,LFNG
841,LGR5
842,LGR6
843,LIMK1
844,LIMK2
845,LMTK2
846,LMTK3
847,LNX1
848,LRP2
849,LRP2BP
850,LRP5
851,LRP6
852,LRRC6
853,LRRK1
854,LRRK2
855,LTBP1
856,LTK
857,LYN
858,LZTS2
859,MACC1
860,MAD1L1
861,MAD2L1
862,MAD2L1BP
863,MAD2L2
864,MAK
865,MAML1
866,MAML2
867,MAML3
868,MAP2
869,MAP2K1
870,MAP2K2
871,MAP2K3
872,MAP2K4
873,MAP2K5
874,MAP2K6
875,MAP2K7
876,MAP3K1
877,MAP3K10
878,MAP3K11
879,MAP3K12
880,MAP3K13
881,MAP3K14
882,MAP3K15
883,MAP3K2
884,MAP3K3
885,MAP3K4
886,MAP3K5
887,MAP3K6
888,MAP3K7
889,MAP3K8
890,MAP3K9
891,MAP4K1
892,MAP4K2
893,MAP4K3
894,MAP4K4
895,MAP4K5
896,MAPK1
897,MAPK10
898,MAPK11
899,MAPK12
900,MAPK13
901,MAPK14
902,MAPK15
903,MAPK3
904,MAPK4
905,MAPK7
906,MAPK8
907,MAPK8IP1
908,MAPK8IP2
909,MAPK8IP3
910,MAPK9
911,MAPKAPK2
912,MAPKAPK3
913,MAPKAPK5
914,MAPRE1
915,MAPRE3
916,MAPT
917,MARK1
918,MARK2
919,MARK3
920,MARK4
921,MAST1
922,MAST2
923,MAST3
924,MAST4
925,MASTL
926,MATK
927,MAX
928,MBIP
929,MCC
930,MCF2L2
931,MCL1
932,MCM2
933,MCM3
934,MCM4
935,MCM5
936,MCM6
937,MCM7
938,MCM8
939,MDM2
940,MDM4
941,MECOM
942,MED12
943,MED12L
944,MEF2C
945,MELK
946,MEN1
947,MERTK
948,MET
949,MFSD4
950,MGMT
951,MGST1
952,MINK1
953,MITF
954,MKKS
955,MKNK1
956,MKNK2
957,MKRN2
958,MKS1
959,MLH1
960,MLH3
961,MLKL
962,MLST8
963,MMP1
964,MMP2
965,MMP7
966,MMP9
967,MOS
968,MPL
969,MRAS
970,MRE11A
971,MSH2
972,MSH3
973,MSH6
974,MSN
975,MST1
976,MST1R
977,MTOR
978,MUC1
979,MUSK
980,MUTYH
981,MVP
982,MXD1
983,MXI1
984,MYC
985,MYCBP2
986,MYCN
987,MYD88
988,MYLK
989,MYLK2
990,MYLK4
991,MYO18B
992,MYO3A
993,MYO3B
994,MYT1
995,NBN
996,NCK2
997,NCOR1
998,NCOR2
999,NCSTN
1000,NDC80
1001,NDP
1002,NDUFV3
1003,NEDD9
1004,NEK1
1005,NEK10
1006,NEK11
1007,NEK2
1008,NEK3
1009,NEK4
1010,NEK5
1011,NEK6
1012,NEK7
1013,NEK8
1014,NEK9
1015,NF1
1016,NF2
1017,NFAT5
1018,NFATC1
1019,NFATC2
1020,NFATC3
1021,NFATC4
1022,NFKB1
1023,NFKB2
1024,NFKBIA
1025,NFKBIE
1026,NGF
1027,NKD1
1028,NKD2
1029,NLK
1030,NODAL
1031,NOG
1032,NOS2
1033,NOS3
1034,NOSIP
1035,NOSTRIN
1036,NOTCH1
1037,NOTCH2
1038,NOTCH3
1039,NOTCH4
1040,NPHP1
1041,NPHP3
1042,NPHP4
1043,NPM1
1044,NPR1
1045,NPR2
1046,NR4A1
1047,NRAS
1048,NRBP1
1049,NRBP2
1050,NRG1
1051,NRG2
1052,NRG3
1053,NRG4
1054,NRK
1055,NSD1
1056,NTF3
1057,NTHL1
1058,NTRK1
1059,NTRK2
1060,NTRK3
1061,NUAK1
1062,NUAK2
1063,NUF2
1064,NUMA1
1065,NUMB
1066,NUMBL
1067,NUP98
1068,OBSCN
1069,ODC1
1070,OFD1
1071,OGG1
1072,OPRM1
1073,OSR1
1074,OXSR1
1075,P2RX7
1076,PAK1
1077,PAK2
1078,PAK3
1079,PAK4
1080,PAK6
1081,PAK7
1082,PALB2
1083,PAPD5
1084,PARD3
1085,PARD6A
1086,PARK2
1087,PARK7
1088,PARP1
1089,PARP10
1090,PARP11
1091,PARP12
1092,PARP14
1093,PARP15
1094,PARP16
1095,PARP3
1096,PARP8
1097,PARP9
1098,PASK
1099,PAX8
1100,PBK
1101,PBRM1
1102,PCBD1
1103,PCK1
1104,PCK2
1105,PCNA
1106,PDE3A
1107,PDE3B
1108,PDE4D
1109,PDGFA
1110,PDGFB
1111,PDGFRA
1112,PDGFRB
1113,PDGFRL
1114,PDIK1L
1115,PDK1
1116,PDK2
1117,PDK3
1118,PDK4
1119,PDPK1
1120,PERP
1121,PGF
1122,PHF15
1123,PHF16
1124,PHF17
1125,PHF2
1126,PHF8
1127,PHIP
1128,PHKA1
1129,PHKA2
1130,PHKB
1131,PHKG1
1132,PHKG2
1133,PHLDB2
1134,PHOX2A
1135,PHOX2B
1136,PI4K2A
1137,PI4K2B
1138,PI4KA
1139,PI4KB
1140,PIAS1
1141,PIAS2
1142,PIAS3
1143,PIAS4
1144,PIK3C2A
1145,PIK3C2B
1146,PIK3C2G
1147,PIK3C3
1148,PIK3CA
1149,PIK3CB
1150,PIK3CD
1151,PIK3CG
1152,PIK3R1
1153,PIK3R2
1154,PIK3R3
1155,PIK3R4
1156,PIK3R5
1157,PIKFYVE
1158,PIM1
1159,PIM2
1160,PIM3
1161,PIN4
1162,PINK1
1163,PIP4K2C
1164,PIP5K1A
1165,PIP5K1B
1166,PIP5K1C
1167,PIP5KL1
1168,PITX2
1169,PIWIL1
1170,PKD1
1171,PKD2
1172,PKDCC
1173,PKHD1
1174,PKLR
1175,PKMYT1
1176,PKN1
1177,PKN2
1178,PKN3
1179,PKNOX1
1180,PLA2G2A
1181,PLCB1
1182,PLCB2
1183,PLCB3
1184,PLCB4
1185,PLCG1
1186,PLCG2
1187,PLCXD3
1188,PLCZ1
1189,PLD1
1190,PLD6
1191,PLK1
1192,PLK2
1193,PLK3
1194,PLK4
1195,PLXNB3
1196,PMAIP1
1197,PML
1198,PMS1
1199,PMS2
1200,PNCK
1201,PORCN
1202,POU2F1
1203,PPA1
1204,PPA2
1205,PPARD
1206,PPARG
1207,PPARGC1A
1208,PPM1A
1209,PPM1B
1210,PPM1D
1211,PPP1CA
1212,PPP1CB
1213,PPP1CC
1214,PPP1R13B
1215,PPP1R3A
1216,PPP1R3B
1217,PPP1R3C
1218,PPP1R3D
1219,PPP2CB
1220,PPP2R1A
1221,PPP2R1B
1222,PPP2R5A
1223,PPP2R5B
1224,PPP2R5C
1225,PPP2R5D
1226,PPP2R5E
1227,PPP3CA
1228,PPP3CB
1229,PPP3CC
1230,PPP5C
1231,PRCC
1232,PRDM2
1233,PRDM4
1234,PRDM6
1235,PRDM7
1236,PRDM9
1237,PRICKLE1
1238,PRICKLE2
1239,PRKAA2
1240,PRKAB1
1241,PRKAB2
1242,PRKACA
1243,PRKACB
1244,PRKACG
1245,PRKAG1
1246,PRKAG2
1247,PRKAG3
1248,PRKAR1A
1249,PRKAR1B
1250,PRKAR2A
1251,PRKAR2B
1252,PRKCA
1253,PRKCB
1254,PRKCD
1255,PRKCE
1256,PRKCG
1257,PRKCI
1258,PRKCQ
1259,PRKCZ
1260,PRKD1
1261,PRKD2
1262,PRKD3
1263,PRKG1
1264,PRKG2
1265,PRKX
1266,PRKY
1267,PROC
1268,PRPF4
1269,PRPF4B
1270,PSEN1
1271,PSEN2
1272,PSENEN
1273,PSKH1
1274,PSKH2
1275,PSMC4
1276,PSPH
1277,PTCH1
1278,PTCH2
1279,PTCRA
1280,PTEN
1281,PTGS2
1282,PTK2
1283,PTK2B
1284,PTK6
1285,PTK7
1286,PTN
1287,PTPN1
1288,PTPN11
1289,PTPN13
1290,PTPN14
1291,PTPN3
1292,PTPN5
1293,PTPN6
1294,PTPN7
1295,PTPRA
1296,PTPRD
1297,PTPRF
1298,PTPRG
1299,PTPRJ
1300,PTPRN2
1301,PTPRR
1302,PTPRS
1303,PTPRT
1304,PTPRU
1305,PTTG1
1306,PXK
1307,PXN
1308,PYGB
1309,PYGL
1310,PYGM
1311,PYGO1
1312,PYGO2
1313,RAB23
1314,RAC1
1315,RAC3
1316,RAD21
1317,RAD50
1318,RAD51
1319,RAD52
1320,RAD54L
1321,RAD9A
1322,RAD9B
1323,RAET1E
1324,RAET1L
1325,RAF1
1326,RALA
1327,RALB
1328,RALBP1
1329,RALGDS
1330,RANBP2
1331,RAP1A
1332,RAP1B
1333,RAP1GAP
1334,RAPGEF1
1335,RAPGEF2
1336,RAPGEF3
1337,RAPGEF4
1338,RARA
1339,RARB
1340,RASA1
1341,RASA2
1342,RASA3
1343,RASGRF1
1344,RASGRF2
1345,RASGRP1
1346,RASGRP2
1347,RASGRP3
1348,RASGRP4
1349,RASSF1
1350,RASSF5
1351,RAVER2
1352,RAX2
1353,RB1
1354,RBBP5
1355,RBBP8
1356,RBL1
1357,RBL2
1358,RBPJ
1359,RBX1
1360,RCHY1
1361,REEP5
1362,REL
1363,RELA
1364,RELB
1365,RET
1366,RFC1
1367,RFC2
1368,RFC3
1369,RFC4
1370,RFC5
1371,RFNG
1372,RFWD2
1373,RFX2
1374,RHEB
1375,RHO
1376,RHOA
1377,RHOC
1378,RHOQ
1379,RICTOR
1380,RIOK1
1381,RIOK2
1382,RIOK3
1383,RIPK1
1384,RIPK2
1385,RIPK3
1386,RIPK4
1387,RMI1
1388,RNASEL
1389,RNF213
1390,RNF220
1391,ROCK1
1392,ROCK2
1393,ROR1
1394,ROR2
1395,ROS1
1396,RPA1
1397,RPA2
1398,RPA3
1399,RPGR
1400,RPGRIP1
1401,RPGRIP1L
1402,RPS6
1403,RPS6KA1
1404,RPS6KA2
1405,RPS6KA3
1406,RPS6KA4
1407,RPS6KA5
1408,RPS6KA6
1409,RPS6KB1
1410,RPS6KB2
1411,RPS6KC1
1412,RPS6KL1
1413,RPTOR
1414,RRAS
1415,RRM1
1416,RRM2
1417,RRM2B
1418,RSPO1
1419,RUNX1
1420,RUNX1T1
1421,RUVBL1
1422,RXRA
1423,RXRB
1424,RXRG
1425,RYK
1426,SBK1
1427,SBK2
1428,SCEL
1429,SCYL1
1430,SCYL2
1431,SCYL3
1432,SDHB
1433,SEC31A
1434,SENP2
1435,SERPINB5
1436,SERPINE1
1437,SESN1
1438,SESN2
1439,SESN3
1440,SETD1A
1441,SETD1B
1442,SETD2
1443,SETD3
1444,SETD4
1445,SETD5
1446,SETD6
1447,SETD7
1448,SETD8
1449,SETDB1
1450,SETDB2
1451,SETMAR
1452,SFN
1453,SFRP1
1454,SFRP2
1455,SFRP4
1456,SFRP5
1457,SGCB
1458,SGK1
1459,SGK2
1460,SGK3
1461,SGOL1
1462,SGOL2
1463,SH2B2
1464,SH2D2A
1465,SH2D7
1466,SHC1
1467,SHC2
1468,SHC3
1469,SHC4
1470,SHFM1
1471,SHH
1472,SHISA5
1473,SIAH1
1474,SIK1
1475,SIK2
1476,SIK3
1477,SIN3A
1478,SIN3B
1479,SIX4
1480,SKP1
1481,SKP2
1482,SLC26A1
1483,SLC29A1
1484,SLC2A1
1485,SLC2A4
1486,SLK
1487,SMAD1
1488,SMAD2
1489,SMAD3
1490,SMAD4
1491,SMAD5
1492,SMAD6
1493,SMAD7
1494,SMAD9
1495,SMARCA4
1496,SMARCB1
1497,SMARCD1
1498,SMARCE1
1499,SMC1A
1500,SMC1B
1501,SMC3
1502,SMG1
1503,SMO
1504,SMURF1
1505,SMURF2
1506,SMYD1
1507,SMYD2
1508,SMYD3
1509,SMYD4
1510,SMYD5
1511,SNAI1
1512,SNAI2
1513,SNRK
1514,SNTB1
1515,SNW1
1516,SNX25
1517,SNX4
1518,SOCS1
1519,SOCS2
1520,SOCS3
1521,SOCS4
1522,SORBS1
1523,SOS1
1524,SOS2
1525,SOST
1526,SOX17
1527,SP1
1528,SPC24
1529,SPC25
1530,SPEG
1531,SPHK1
1532,SPHK2
1533,SPI1
1534,SPINK1
1535,SPINK5
1536,SPINK6
1537,SPINK7
1538,SPINK8
1539,SPINK9
1540,SPRED1
1541,SPTBN2
1542,SRC
1543,SREBF1
1544,SRF
1545,SRM
1546,SRMS
1547,SRPK1
1548,SRPK2
1549,SRPK3
1550,SSBP1
1551,SSBP2
1552,SSH1
1553,SSH2
1554,SSSCA1
1555,SSTR1
1556,SSTR3
1557,SSTR5
1558,ST13
1559,STAG1
1560,STAG2
1561,STAM
1562,STAT1
1563,STAT3
1564,STAT5A
1565,STAT5B
1566,STAT6
1567,STEAP3
1568,STK10
1569,STK11
1570,STK16
1571,STK17A
1572,STK17B
1573,STK19
1574,STK24
1575,STK25
1576,STK3
1577,STK31
1578,STK32A
1579,STK32B
1580,STK32C
1581,STK33
1582,STK35
1583,STK36
1584,STK38
1585,STK38L
1586,STK39
1587,STK4
1588,STK40
1589,STMN1
1590,STOML3
1591,STRADB
1592,STYK1
1593,SUFU
1594,SUV39H1
1595,SUV39H2
1596,SUV420H1
1597,SUV420H2
1598,SYK
1599,SYMPK
1600,TAF1
1601,TAOK1
1602,TAOK2
1603,TAOK3
1604,TBCK
1605,TBK1
1606,TBL1X
1607,TBL1XR1
1608,TBL1Y
1609,TBX22
1610,TBX3
1611,TCEB1
1612,TCEB2
1613,TCEB3
1614,TCF3
1615,TCF4
1616,TCF7
1617,TCF7L1
1618,TCF7L2
1619,TEC
1620,TECTA
1621,TEK
1622,TESK1
1623,TESK2
1624,TEX14
1625,TFDP1
1626,TFDP2
1627,TFE3
1628,TFG
1629,TGFA
1630,TGFB1
1631,TGFB2
1632,TGFB3
1633,TGFBR1
1634,TGFBR2
1635,TGM3
1636,THBS1
1637,THBS2
1638,THBS3
1639,THBS4
1640,TICAM1
1641,TIE1
1642,TIPARP
1643,TIRAP
1644,TLE1
1645,TLK1
1646,TLK2
1647,TLL1
1648,TLR1
1649,TLR2
1650,TLR3
1651,TLR4
1652,TLR5
1653,TMEM67
1654,TNF
1655,TNFAIP3
1656,TNFRSF10A
1657,TNFRSF10B
1658,TNFRSF10C
1659,TNFRSF10D
1660,TNFRSF1A
1661,TNFRSF1B
1662,TNFRSF8
1663,TNFSF10
1664,TNIK
1665,TNK1
1666,TNK2
1667,TNKS
1668,TNKS2
1669,TNNI3K
1670,TOE1
1671,TOP1
1672,TOP2A
1673,TOP2B
1674,TOP3B
1675,TOPBP1
1676,TOPORS
1677,TP53
1678,TP53AIP1
1679,TP53BP1
1680,TP53BP2
1681,TP53I3
1682,TP53RK
1683,TP63
1684,TP73
1685,TPM3
1686,TPR
1687,TPX2
1688,TRADD
1689,TRAF1
1690,TRAF2
1691,TRAF3
1692,TRAF3IP2
1693,TRAF4
1694,TRAF5
1695,TRAF6
1696,TRIB1
1697,TRIB2
1698,TRIB3
1699,TRIM24
1700,TRIM28
1701,TRIM33
1702,TRIO
1703,TRIP10
1704,TRPM6
1705,TRPM7
1706,TRRAP
1707,TSC1
1708,TSC2
1709,TSHR
1710,TSPAN8
1711,TSPYL2
1712,TSPYL5
1713,TSSK2
1714,TSSK3
1715,TSSK4
1716,TSSK6
1717,TTBK1
1718,TTBK2
1719,TTC8
1720,TTK
1721,TTLL3
1722,TTN
1723,TWF1
1724,TWIST1
1725,TXK
1726,TYK2
1727,TYMS
1728,TYRO3
1729,UBE2B
1730,UBE2C
1731,UBR5
1732,UCK2
1733,UHMK1
1734,UHRF2
1735,ULK1
1736,ULK2
1737,ULK3
1738,ULK4
1739,UMPS
1740,UPF1
1741,UQCRC2
1742,USP24
1743,USP28
1744,USP33
1745,USP39
1746,USP9X
1747,UTY
1748,VANGL1
1749,VANGL2
1750,VAV3
1751,VBP1
1752,VEGFA
1753,VEGFB
1754,VEGFC
1755,VHL
1756,VRK1
1757,VRK2
1758,VRK3
1759,WASF2
1760,WASL
1761,WDR75
1762,WEE1
1763,WEE2
1764,WHSC1
1765,WHSC1L1
1766,WIF1
1767,WISP1
1768,WNK1
1769,WNK2
1770,WNK3
1771,WNK4
1772,WNT1
1773,WNT10A
1774,WNT10B
1775,WNT11
1776,WNT16
1777,WNT2
1778,WNT2B
1779,WNT3
1780,WNT3A
1781,WNT4
1782,WNT5A
1783,WNT5B
1784,WNT6
1785,WNT7A
1786,WNT7B
1787,WNT8A
1788,WNT8B
1789,WNT9A
1790,WNT9B
1791,WRN
1792,WT1
1793,WTAP
1794,XIAP
1795,XPA
1796,XPC
1797,XPNPEP3
1798,XPO1
1799,XRCC1
1800,XRCC3
1801,YES1
1802,YME1L1
1803,ZAP70
1804,ZBTB16
1805,ZBTB17
1806,ZEB2
1807,ZFYVE16
1808,ZFYVE9
1809,ZIC2
1810,ZMAT3
1811,ZNF217
1812,ZNF668
1813,ZNF703
1814,ZYX
